request_id,amount_safe_to_pay,affordability_status,recommended_payment_method,payment_plan,earliest_date_for_full_payment,spending_changes_needed,decision_explanation
request_26,15656000,affordable_now,full_payment,2025-08-03:15656000,2025-08-03,none,Pay IDR 15656000 today.
request_27,6670,affordable_now,full_payment,2026-07-05:6670,2026-07-05,none,Pay ZAR 6670 today.
request_28,1302.40,affordable_with_plan,installments,2024-06-21:73.18|2024-07-19:73.18|2024-08-16:73.18|2024-09-13:73.18|2024-10-11:73.18|2024-11-08:73.18|2024-12-06:73.18|2025-01-03:73.18|2025-01-31:73.18|2025-02-28:73.18|2025-03-28:73.18|2025-04-25:73.18|2025-05-23:73.18|2025-06-20:73.18|2025-07-18:73.18|2025-08-15:73.18|2025-09-12:73.18|2025-10-10:73.18|2025-11-07:73.18|2025-12-05:73.18|2026-01-02:73.18,2024-08-15,none,Use installments starting 2024-06-21.
request_29,51524,affordable_now,full_payment,2025-11-04:51524,2025-11-04,none,Pay ZAR 51524 today.
request_30,775.20,affordable_now,full_payment,2026-04-06:775.20,2026-04-06,none,Pay USD 775.20 today.
request_31,18164000,affordable_with_plan,installments,2024-09-10:1020643.81|2024-10-08:1020643.81|2024-11-05:1020643.81|2024-12-03:1020643.81|2024-12-31:1020643.81|2025-01-28:1020643.81|2025-02-25:1020643.81|2025-03-25:1020643.81|2025-04-22:1020643.81|2025-05-20:1020643.81|2025-06-17:1020643.81|2025-07-15:1020643.81|2025-08-12:1020643.81|2025-09-09:1020643.81|2025-10-07:1020643.81|2025-11-04:1020643.81|2025-12-02:1020643.81|2025-12-30:1020643.81|2026-01-27:1020643.81|2026-02-24:1020643.81|2026-03-24:1020643.81,2024-11-15,none,Use installments starting 2024-09-10.
request_32,40018,affordable_with_plan,installments,2025-02-19:2934.65|2025-03-21:2934.65|2025-04-20:2934.65|2025-05-20:2934.65|2025-06-19:2934.65|2025-07-19:2934.65|2025-08-18:2934.65|2025-09-17:2934.65|2025-10-17:2934.65|2025-11-16:2934.65|2025-12-16:2934.65|2026-01-15:2934.65|2026-02-14:2934.65|2026-03-16:2934.65|2026-04-15:2934.65,2025-04-15,none,Use installments starting 2025-02-19.
request_33,118000,affordable_with_plan,installments,2026-01-07:7473.33|2026-02-07:7473.33|2026-03-10:7473.33|2026-04-10:7473.33|2026-05-11:7473.33|2026-06-11:7473.33|2026-07-12:7473.33|2026-08-12:7473.33|2026-09-12:7473.33|2026-10-13:7473.33|2026-11-13:7473.33|2026-12-14:7473.33|2027-01-14:7473.33|2027-02-14:7473.33|2027-03-17:7473.33|2027-04-17:7473.33|2027-05-18:7473.33|2027-06-18:7473.33,2026-03-15,none,Use installments starting 2026-01-07.
request_34,129400,affordable_now,full_payment,2024-12-04:129400,2024-12-04,none,Pay INR 129400 today.
request_35,212000,affordable_with_plan,installments,2025-11-06:15546.67|2025-12-06:15546.67|2026-01-05:15546.67|2026-02-04:15546.67|2026-03-06:15546.67|2026-04-05:15546.67|2026-05-05:15546.67|2026-06-04:15546.67|2026-07-04:15546.67|2026-08-03:15546.67|2026-09-02:15546.67|2026-10-02:15546.67|2026-11-01:15546.67|2026-12-01:15546.67|2026-12-31:15546.67,2026-01-15,none,Use installments starting 2025-11-06.
request_36,3954,affordable_with_plan,installments,2026-07-17:250.42|2026-08-17:250.42|2026-09-17:250.42|2026-10-18:250.42|2026-11-18:250.42|2026-12-19:250.42|2027-01-19:250.42|2027-02-19:250.42|2027-03-22:250.42|2027-04-22:250.42|2027-05-23:250.42|2027-06-23:250.42|2027-07-24:250.42|2027-08-24:250.42|2027-09-24:250.42|2027-10-25:250.42|2027-11-25:250.42|2027-12-26:250.42,2026-09-15,none,Use installments starting 2026-07-17.
request_37,14649000,affordable_with_plan,installments,2024-03-05:823134.29|2024-04-02:823134.29|2024-04-30:823134.29|2024-05-28:823134.29|2024-06-25:823134.29|2024-07-23:823134.29|2024-08-20:823134.29|2024-09-17:823134.29|2024-10-15:823134.29|2024-11-12:823134.29|2024-12-10:823134.29|2025-01-07:823134.29|2025-02-04:823134.29|2025-03-04:823134.29|2025-04-01:823134.29|2025-04-29:823134.29|2025-05-27:823134.29|2025-06-24:823134.29|2025-07-22:823134.29|2025-08-19:823134.29|2025-09-16:823134.29,2024-05-15,none,Use installments starting 2024-03-05.
request_38,971.30,affordable_with_plan,installments,2025-08-10:71.23|2025-09-09:71.23|2025-10-09:71.23|2025-11-08:71.23|2025-12-08:71.23|2026-01-07:71.23|2026-02-06:71.23|2026-03-08:71.23|2026-04-07:71.23|2026-05-07:71.23|2026-06-06:71.23|2026-07-06:71.23|2026-08-05:71.23|2026-09-04:71.23|2026-10-04:71.23,2025-10-15,none,Use installments starting 2025-08-10.
request_39,208600,affordable_with_plan,installments,2026-04-11:13211.33|2026-05-12:13211.33|2026-06-12:13211.33|2026-07-13:13211.33|2026-08-13:13211.33|2026-09-13:13211.33|2026-10-14:13211.33|2026-11-14:13211.33|2026-12-15:13211.33|2027-01-15:13211.33|2027-02-15:13211.33|2027-03-18:13211.33|2027-04-18:13211.33|2027-05-19:13211.33|2027-06-19:13211.33|2027-07-20:13211.33|2027-08-20:13211.33|2027-09-20:13211.33,2026-06-15,none,Use installments starting 2026-04-11.
request_40,1290.30,affordable_with_plan,installments,2024-06-20:72.50|2024-07-18:72.50|2024-08-15:72.50|2024-09-12:72.50|2024-10-10:72.50|2024-11-07:72.50|2024-12-05:72.50|2025-01-02:72.50|2025-01-30:72.50|2025-02-27:72.50|2025-03-27:72.50|2025-04-24:72.50|2025-05-22:72.50|2025-06-19:72.50|2025-07-17:72.50|2025-08-14:72.50|2025-09-11:72.50|2025-10-09:72.50|2025-11-06:72.50|2025-12-04:72.50|2026-01-01:72.50,2024-08-15,none,Use installments starting 2024-06-20.
request_41,38760000,affordable_with_plan,installments,2025-11-03:2842400|2025-12-03:2842400|2026-01-02:2842400|2026-02-01:2842400|2026-03-03:2842400|2026-04-02:2842400|2026-05-02:2842400|2026-06-01:2842400|2026-07-01:2842400|2026-07-31:2842400|2026-08-30:2842400|2026-09-29:2842400|2026-10-29:2842400|2026-11-28:2842400|2026-12-28:2842400,2026-01-15,none,Use installments starting 2025-11-03.
request_42,52100,affordable_now,full_payment,2026-01-05:52100,2026-01-05,none,Pay INR 52100 today.
request_43,43339000,affordable_with_plan,installments,2024-09-14:2435239.05|2024-10-12:2435239.05|2024-11-09:2435239.05|2024-12-07:2435239.05|2025-01-04:2435239.05|2025-02-01:2435239.05|2025-03-01:2435239.05|2025-03-29:2435239.05|2025-04-26:2435239.05|2025-05-24:2435239.05|2025-06-21:2435239.05|2025-07-19:2435239.05|2025-08-16:2435239.05|2025-09-13:2435239.05|2025-10-11:2435239.05|2025-11-08:2435239.05|2025-12-06:2435239.05|2026-01-03:2435239.05|2026-01-31:2435239.05|2026-02-28:2435239.05|2026-03-28:2435239.05,2024-11-15,none,Use installments starting 2024-09-14.
request_44,95800,affordable_with_plan,installments,2025-02-18:7025.33|2025-03-20:7025.33|2025-04-19:7025.33|2025-05-19:7025.33|2025-06-18:7025.33|2025-07-18:7025.33|2025-08-17:7025.33|2025-09-16:7025.33|2025-10-16:7025.33|2025-11-15:7025.33|2025-12-15:7025.33|2026-01-14:7025.33|2026-02-13:7025.33|2026-03-15:7025.33|2026-04-14:7025.33,2025-04-15,none,Use installments starting 2025-02-18.
request_45,21983000,affordable_with_plan,installments,2026-07-06:1392256.67|2026-08-06:1392256.67|2026-09-06:1392256.67|2026-10-07:1392256.67|2026-11-07:1392256.67|2026-12-08:1392256.67|2027-01-08:1392256.67|2027-02-08:1392256.67|2027-03-11:1392256.67|2027-04-11:1392256.67|2027-05-12:1392256.67|2027-06-12:1392256.67|2027-07-13:1392256.67|2027-08-13:1392256.67|2027-09-13:1392256.67|2027-10-14:1392256.67|2027-11-14:1392256.67|2027-12-15:1392256.67,2026-09-15,none,Use installments starting 2026-07-06.
request_46,49450,affordable_now,full_payment,2024-12-03:49450,2024-12-03,none,Pay INR 49450 today.
request_47,38114000,affordable_now,full_payment,2025-05-05:38114000,2025-05-05,none,Pay IDR 38114000 today.
request_48,45700,affordable_now,full_payment,2026-07-25:45700,2026-07-25,none,Pay INR 45700 today.
request_49,34333000,affordable_with_plan,installments,2024-03-04:1929187.62|2024-04-01:1929187.62|2024-04-29:1929187.62|2024-05-27:1929187.62|2024-06-24:1929187.62|2024-07-22:1929187.62|2024-08-19:1929187.62|2024-09-16:1929187.62|2024-10-14:1929187.62|2024-11-11:1929187.62|2024-12-09:1929187.62|2025-01-06:1929187.62|2025-02-03:1929187.62|2025-03-03:1929187.62|2025-03-31:1929187.62|2025-04-28:1929187.62|2025-05-26:1929187.62|2025-06-23:1929187.62|2025-07-21:1929187.62|2025-08-18:1929187.62|2025-09-15:1929187.62,2024-05-22,none,Use installments starting 2024-03-04.
request_50,43900,affordable_now,full_payment,2025-08-06:43900,2025-08-06,none,Pay INR 43900 today.
request_51,2191000,affordable_now,full_payment,2026-01-03:2191000,2026-01-03,none,Pay IDR 2191000 today.
request_52,28870,affordable_now,full_payment,2024-06-05:28870,2024-06-05,none,Pay INR 28870 today.
request_53,1699.20,affordable_with_plan,installments,2025-11-07:124.61|2025-12-07:124.61|2026-01-06:124.61|2026-02-05:124.61|2026-03-07:124.61|2026-04-06:124.61|2026-05-06:124.61|2026-06-05:124.61|2026-07-05:124.61|2026-08-04:124.61|2026-09-03:124.61|2026-10-03:124.61|2026-11-02:124.61|2026-12-02:124.61|2027-01-01:124.61,2026-01-20,none,Use installments starting 2025-11-07.
request_54,121528,affordable_later,wait,2026-08-21:121528,2026-08-21,none,Pay in full on 2026-08-21.
request_55,218600,affordable_with_plan,installments,2026-06-15:12283.24|2026-07-13:12283.24|2026-08-10:12283.24|2026-09-07:12283.24|2026-10-05:12283.24|2026-11-02:12283.24|2026-11-30:12283.24|2026-12-28:12283.24|2027-01-25:12283.24|2027-02-22:12283.24|2027-03-22:12283.24|2027-04-19:12283.24|2027-05-17:12283.24|2027-06-14:12283.24|2027-07-12:12283.24|2027-08-09:12283.24|2027-09-06:12283.24|2027-10-04:12283.24|2027-11-01:12283.24|2027-11-29:12283.24|2027-12-27:12283.24,2026-08-22,none,Use installments starting 2026-06-15.
request_56,881.56,affordable_now,full_payment,2025-02-03:881.56,2025-02-03,none,Pay USD 881.56 today.
request_57,61446,affordable_with_plan,installments,2026-04-05:3891.58|2026-05-06:3891.58|2026-06-06:3891.58|2026-07-07:3891.58|2026-08-07:3891.58|2026-09-07:3891.58|2026-10-08:3891.58|2026-11-08:3891.58|2026-12-09:3891.58|2027-01-09:3891.58|2027-02-09:3891.58|2027-03-12:3891.58|2027-04-12:3891.58|2027-05-13:3891.58|2027-06-13:3891.58|2027-07-14:3891.58|2027-08-14:3891.58|2027-09-14:3891.58,2026-06-15,none,Use installments starting 2026-04-05.
request_58,16226000,affordable_now,full_payment,2024-12-07:16226000,2024-12-07,none,Pay IDR 16226000 today.
request_59,140600,affordable_now,full_payment,2025-05-04:140600,2025-05-04,none,Pay INR 140600 today.
request_60,199.89,affordable_now,full_payment,2026-01-06:199.89,2026-01-06,none,Pay USD 199.89 today.
request_61,29062,affordable_now,full_payment,2024-03-03:29062,2024-03-03,none,Pay ZAR 29062 today.
request_62,404.23,affordable_now,full_payment,2025-08-05:404.23,2025-08-05,none,Pay USD 404.23 today.
request_63,343900,affordable_with_plan,installments,2026-07-14:21780.33|2026-08-14:21780.33|2026-09-14:21780.33|2026-10-15:21780.33|2026-11-15:21780.33|2026-12-16:21780.33|2027-01-16:21780.33|2027-02-16:21780.33|2027-03-19:21780.33|2027-04-19:21780.33|2027-05-20:21780.33|2027-06-20:21780.33|2027-07-21:21780.33|2027-08-21:21780.33|2027-09-21:21780.33|2027-10-22:21780.33|2027-11-22:21780.33|2027-12-23:21780.33,2026-09-17,none,Use installments starting 2026-07-14.
request_64,63700,affordable_later,wait,2024-08-16:63700,2024-08-16,none,Pay in full on 2024-08-16.
request_65,54340,affordable_later,wait,2025-11-25:54340,2025-11-25,none,Pay in full on 2025-11-25.
request_66,22200,affordable_now,full_payment,2026-04-03:22200,2026-04-03,none,Pay INR 22200 today.
request_67,2094,affordable_with_plan,installments,2024-09-12:117.66|2024-10-10:117.66|2024-11-07:117.66|2024-12-05:117.66|2025-01-02:117.66|2025-01-30:117.66|2025-02-27:117.66|2025-03-27:117.66|2025-04-24:117.66|2025-05-22:117.66|2025-06-19:117.66|2025-07-17:117.66|2025-08-14:117.66|2025-09-11:117.66|2025-10-09:117.66|2025-11-06:117.66|2025-12-04:117.66|2026-01-01:117.66|2026-01-29:117.66|2026-02-26:117.66|2026-03-26:117.66,2024-11-15,none,Use installments starting 2024-09-12.
request_68,2091.60,affordable_now,full_payment,2025-02-07:2091.60,2025-02-07,none,Pay USD 2091.60 today.
request_69,529.10,affordable_now,full_payment,2026-01-04:529.10,2026-01-04,none,Pay EUR 529.10 today.
request_70,243900,affordable_with_plan,installments,2024-12-09:13704.86|2025-01-06:13704.86|2025-02-03:13704.86|2025-03-03:13704.86|2025-03-31:13704.86|2025-04-28:13704.86|2025-05-26:13704.86|2025-06-23:13704.86|2025-07-21:13704.86|2025-08-18:13704.86|2025-09-15:13704.86|2025-10-13:13704.86|2025-11-10:13704.86|2025-12-08:13704.86|2026-01-05:13704.86|2026-02-02:13704.86|2026-03-02:13704.86|2026-03-30:13704.86|2026-04-27:13704.86|2026-05-25:13704.86|2026-06-22:13704.86,2025-02-15,none,Use installments starting 2024-12-09.
request_71,21451000,affordable_with_plan,installments,2025-05-10:1573073.33|2025-06-09:1573073.33|2025-07-09:1573073.33|2025-08-08:1573073.33|2025-09-07:1573073.33|2025-10-07:1573073.33|2025-11-06:1573073.33|2025-12-06:1573073.33|2026-01-05:1573073.33|2026-02-04:1573073.33|2026-03-06:1573073.33|2026-04-05:1573073.33|2026-05-05:1573073.33|2026-06-04:1573073.33|2026-07-04:1573073.33,2025-05-28,none,Use installments starting 2025-05-10.
request_72,11330,affordable_now,full_payment,2026-07-05:11330,2026-07-05,none,Pay ZAR 11330 today.
request_73,71400,affordable_now,full_payment,2023-01-20:71400,2023-01-20,none,Pay INR 71400 today.
request_74,5010,affordable_now,full_payment,2025-08-04:5010,2025-08-04,none,Pay ZAR 5010 today.
request_75,28270,affordable_now,full_payment,2026-04-06:28270,2026-04-06,none,Pay ZAR 28270 today.
request_76,4455.60,affordable_with_plan,installments,2024-06-17:250.36|2024-07-15:250.36|2024-08-12:250.36|2024-09-09:250.36|2024-10-07:250.36|2024-11-04:250.36|2024-12-02:250.36|2024-12-30:250.36|2025-01-27:250.36|2025-02-24:250.36|2025-03-24:250.36|2025-04-21:250.36|2025-05-19:250.36|2025-06-16:250.36|2025-07-14:250.36|2025-08-11:250.36|2025-09-08:250.36|2025-10-06:250.36|2025-11-03:250.36|2025-12-01:250.36|2025-12-29:250.36,2024-07-30,none,Use installments starting 2024-06-17.
request_77,60700,affordable_now,full_payment,2025-11-05:60700,2025-11-05,none,Pay INR 60700 today.
request_78,50200,affordable_now,full_payment,2025-10-02:50200,2025-10-02,none,Pay INR 50200 today.
request_79,2151.60,affordable_with_plan,installments,2024-09-11:120.90|2024-10-09:120.90|2024-11-06:120.90|2024-12-04:120.90|2025-01-01:120.90|2025-01-29:120.90|2025-02-26:120.90|2025-03-26:120.90|2025-04-23:120.90|2025-05-21:120.90|2025-06-18:120.90|2025-07-16:120.90|2025-08-13:120.90|2025-09-10:120.90|2025-10-08:120.90|2025-11-05:120.90|2025-12-03:120.90|2025-12-31:120.90|2026-01-28:120.90|2026-02-25:120.90|2026-03-25:120.90,2024-11-01,none,Use installments starting 2024-09-11.
request_80,217500,affordable_with_plan,installments,2025-02-20:15950|2025-03-22:15950|2025-04-21:15950|2025-05-21:15950|2025-06-20:15950|2025-07-20:15950|2025-08-19:15950|2025-09-18:15950|2025-10-18:15950|2025-11-17:15950|2025-12-17:15950|2026-01-16:15950|2026-02-15:15950|2026-03-17:15950|2026-04-16:15950,2025-02-21,none,Use installments starting 2025-02-20.
request_81,2076,affordable_now,full_payment,2026-07-03:2076,2026-07-03,none,Pay USD 2076 today.
request_82,1405.20,affordable_with_plan,installments,2024-12-08:78.96|2025-01-05:78.96|2025-02-02:78.96|2025-03-02:78.96|2025-03-30:78.96|2025-04-27:78.96|2025-05-25:78.96|2025-06-22:78.96|2025-07-20:78.96|2025-08-17:78.96|2025-09-14:78.96|2025-10-12:78.96|2025-11-09:78.96|2025-12-07:78.96|2026-01-04:78.96|2026-02-01:78.96|2026-03-01:78.96|2026-03-29:78.96|2026-04-26:78.96|2026-05-24:78.96|2026-06-21:78.96,2025-02-15,none,Use installments starting 2024-12-08.
request_83,156200,affordable_later,wait,2025-06-17:156200,2025-06-17,none,Pay in full on 2025-06-17.
request_84,95400,affordable_with_plan,installments,2026-04-18:6042|2026-05-19:6042|2026-06-19:6042|2026-07-20:6042|2026-08-20:6042|2026-09-20:6042|2026-10-21:6042|2026-11-21:6042|2026-12-22:6042|2027-01-22:6042|2027-02-22:6042|2027-03-25:6042|2027-04-25:6042|2027-05-26:6042|2027-06-26:6042|2027-07-27:6042|2027-08-27:6042|2027-09-27:6042,2026-06-15,none,Use installments starting 2026-04-18.
request_85,19304000,affordable_later,wait,2024-04-26:19304000,2024-04-26,none,Pay in full on 2024-04-26.
request_86,46300,affordable_now,full_payment,2025-08-03:46300,2025-08-03,none,Pay INR 46300 today.
request_87,487900,affordable_with_plan,installments,2026-01-12:30900.33|2026-02-12:30900.33|2026-03-15:30900.33|2026-04-15:30900.33|2026-05-16:30900.33|2026-06-16:30900.33|2026-07-17:30900.33|2026-08-17:30900.33|2026-09-17:30900.33|2026-10-18:30900.33|2026-11-18:30900.33|2026-12-19:30900.33|2027-01-19:30900.33|2027-02-19:30900.33|2027-03-22:30900.33|2027-04-22:30900.33|2027-05-23:30900.33|2027-06-23:30900.33,2026-03-15,none,Use installments starting 2026-01-12.
request_88,26092,affordable_with_plan,installments,2024-06-21:1466.12|2024-07-19:1466.12|2024-08-16:1466.12|2024-09-13:1466.12|2024-10-11:1466.12|2024-11-08:1466.12|2024-12-06:1466.12|2025-01-03:1466.12|2025-01-31:1466.12|2025-02-28:1466.12|2025-03-28:1466.12|2025-04-25:1466.12|2025-05-23:1466.12|2025-06-20:1466.12|2025-07-18:1466.12|2025-08-15:1466.12|2025-09-12:1466.12|2025-10-10:1466.12|2025-11-07:1466.12|2025-12-05:1466.12|2026-01-02:1466.12,2024-08-25,none,Use installments starting 2024-06-21.
request_89,13756000,affordable_now,full_payment,2025-11-04:13756000,2025-11-04,none,Pay IDR 13756000 today.
request_90,2560,affordable_now,full_payment,2026-07-06:2560,2026-07-06,none,Pay ZAR 2560 today.
request_91,1927.20,affordable_now,full_payment,2024-09-03:1927.20,2024-09-03,none,Pay EUR 1927.20 today.
request_92,34034,affordable_now,full_payment,2025-02-05:34034,2025-02-05,none,Pay ZAR 34034 today.
request_93,1729.20,affordable_now,full_payment,2026-04-07:1729.20,2026-04-07,none,Pay USD 1729.20 today.
request_94,572,affordable_now,full_payment,2024-12-04:572,2024-12-04,none,Pay EUR 572 today.
request_95,553000,affordable_with_plan,installments,2025-05-13:40553.33|2025-06-12:40553.33|2025-07-12:40553.33|2025-08-11:40553.33|2025-09-10:40553.33|2025-10-10:40553.33|2025-11-09:40553.33|2025-12-09:40553.33|2026-01-08:40553.33|2026-02-07:40553.33|2026-03-09:40553.33|2026-04-08:40553.33|2026-05-08:40553.33|2026-06-07:40553.33|2026-07-07:40553.33,2025-07-14,none,Use installments starting 2025-05-13.
request_96,90200,affordable_now,full_payment,2026-01-03:90200,2026-01-03,none,Pay INR 90200 today.
request_97,23496,affordable_with_plan,installments,2024-03-19:8145.28|2024-04-19:8145.28|2024-05-20:8145.28,2024-05-24,none,Use installments starting 2024-03-19.
request_98,27148,affordable_with_plan,installments,2025-08-10:1990.85|2025-09-09:1990.85|2025-10-09:1990.85|2025-11-08:1990.85|2025-12-08:1990.85|2026-01-07:1990.85|2026-02-06:1990.85|2026-03-08:1990.85|2026-04-07:1990.85|2026-05-07:1990.85|2026-06-06:1990.85|2026-07-06:1990.85|2026-08-05:1990.85|2026-09-04:1990.85|2026-10-04:1990.85,2025-10-15,none,Use installments starting 2025-08-10.
request_99,18062,affordable_now,full_payment,2026-07-04:18062,2026-07-04,none,Pay ZAR 18062 today.
request_100,37114,affordable_with_plan,installments,2024-06-13:12866.19|2024-07-14:12866.19|2024-08-14:12866.19,2024-08-16,none,Use installments starting 2024-06-13.
request_101,143500,affordable_now,full_payment,2025-11-03:143500,2025-11-03,none,Pay INR 143500 today.
request_102,1716,affordable_now,full_payment,2026-04-05:1716,2026-04-05,none,Pay EUR 1716 today.
request_103,368300,affordable_later,wait,2024-10-07:368300,2024-10-07,none,Pay in full on 2024-10-07.
request_104,17204,affordable_now,full_payment,2025-02-04:17204,2025-02-04,none,Pay ZAR 17204 today.
request_105,53500,affordable_now,full_payment,2026-06-08:53500,2026-06-08,none,Pay INR 53500 today.
request_106,2207.70,affordable_with_plan,installments,2024-12-06:124.05|2025-01-03:124.05|2025-01-31:124.05|2025-02-28:124.05|2025-03-28:124.05|2025-04-25:124.05|2025-05-23:124.05|2025-06-20:124.05|2025-07-18:124.05|2025-08-15:124.05|2025-09-12:124.05|2025-10-10:124.05|2025-11-07:124.05|2025-12-05:124.05|2026-01-02:124.05|2026-01-30:124.05|2026-02-27:124.05|2026-03-27:124.05|2026-04-24:124.05|2026-05-22:124.05|2026-06-19:124.05,2025-02-15,none,Use installments starting 2024-12-06.
request_107,2534.40,affordable_now,full_payment,2025-05-05:2534.40,2025-05-05,none,Pay EUR 2534.40 today.
request_108,55308,affordable_later,wait,2026-07-26:55308,2026-07-26,none,Pay in full on 2026-07-26.
request_109,1863.40,affordable_with_plan,installments,2024-03-18:645.98|2024-04-18:645.98|2024-05-19:645.98,2024-05-26,none,Use installments starting 2024-03-18.
request_110,22352,affordable_now,full_payment,2025-08-06:22352,2025-08-06,none,Pay ZAR 22352 today.
request_111,16625000,affordable_now,full_payment,2026-04-03:16625000,2026-04-03,none,Pay IDR 16625000 today.
request_112,271.70,affordable_now,full_payment,2024-06-05:271.70,2024-06-05,none,Pay EUR 271.70 today.
request_113,36500,affordable_now,full_payment,2026-09-04:36500,2026-09-04,none,Pay INR 36500 today.
request_114,65300,affordable_now,full_payment,2026-01-04:65300,2026-01-04,none,Pay INR 65300 today.
request_115,80500,affordable_with_plan,installments,2024-09-13:4523.33|2024-10-11:4523.33|2024-11-08:4523.33|2024-12-06:4523.33|2025-01-03:4523.33|2025-01-31:4523.33|2025-02-28:4523.33|2025-03-28:4523.33|2025-04-25:4523.33|2025-05-23:4523.33|2025-06-20:4523.33|2025-07-18:4523.33|2025-08-15:4523.33|2025-09-12:4523.33|2025-10-10:4523.33|2025-11-07:4523.33|2025-12-05:4523.33|2026-01-02:4523.33|2026-01-30:4523.33|2026-02-27:4523.33|2026-03-27:4523.33,2024-11-15,none,Use installments starting 2024-09-13.
request_116,241200,affordable_with_plan,installments,2025-02-17:17688|2025-03-19:17688|2025-04-18:17688|2025-05-18:17688|2025-06-17:17688|2025-07-17:17688|2025-08-16:17688|2025-09-15:17688|2025-10-15:17688|2025-11-14:17688|2025-12-14:17688|2026-01-13:17688|2026-02-12:17688|2026-03-14:17688|2026-04-13:17688,2025-04-16,none,Use installments starting 2025-02-17.
request_117,880,affordable_now,full_payment,2026-07-05:880,2026-07-05,none,Pay EUR 880 today.
request_118,738.10,affordable_now,full_payment,2024-12-07:738.10,2024-12-07,none,Pay EUR 738.10 today.
request_119,203500,affordable_with_plan,installments,2025-05-11:14923.33|2025-06-10:14923.33|2025-07-10:14923.33|2025-08-09:14923.33|2025-09-08:14923.33|2025-10-08:14923.33|2025-11-07:14923.33|2025-12-07:14923.33|2026-01-06:14923.33|2026-02-05:14923.33|2026-03-07:14923.33|2026-04-06:14923.33|2026-05-06:14923.33|2026-06-05:14923.33|2026-07-05:14923.33,2025-07-17,none,Use installments starting 2025-05-11.
request_120,7714000,affordable_now,full_payment,2026-04-06:7714000,2026-04-06,none,Pay IDR 7714000 today.
request_121,633.60,affordable_now,full_payment,2024-03-03:633.60,2024-03-03,none,Pay USD 633.60 today.
request_122,20558000,affordable_now,full_payment,2025-08-05:20558000,2025-08-05,none,Pay IDR 20558000 today.
request_123,4076000,affordable_now,full_payment,2026-01-07:4076000,2026-01-07,none,Pay IDR 4076000 today.
request_124,3104.20,affordable_with_plan,installments,2024-06-11:1076.12|2024-07-12:1076.12|2024-08-12:1076.12,2024-08-20,none,Use installments starting 2024-06-11.
request_125,6468,affordable_now,full_payment,2025-11-06:6468,2025-11-06,none,Pay ZAR 6468 today.
request_126,159600,affordable_now,full_payment,2026-07-03:159600,2026-07-03,none,Pay INR 159600 today.
request_127,23980,affordable_now,full_payment,2024-09-05:23980,2024-09-05,none,Pay ZAR 23980 today.
request_128,25168,affordable_now,full_payment,2025-02-07:25168,2025-02-07,none,Pay ZAR 25168 today.
request_129,2668.80,affordable_later,wait,2026-06-18:2668.80,2026-06-18,none,Pay in full on 2026-06-18.
request_130,1978.80,affordable_with_plan,installments,2024-12-09:111.19|2025-01-06:111.19|2025-02-03:111.19|2025-03-03:111.19|2025-03-31:111.19|2025-04-28:111.19|2025-05-26:111.19|2025-06-23:111.19|2025-07-21:111.19|2025-08-18:111.19|2025-09-15:111.19|2025-10-13:111.19|2025-11-10:111.19|2025-12-08:111.19|2026-01-05:111.19|2026-02-02:111.19|2026-03-02:111.19|2026-03-30:111.19|2026-04-27:111.19|2026-05-25:111.19|2026-06-22:111.19,2025-02-15,none,Use installments starting 2024-12-09.
request_131,1855.20,affordable_now,full_payment,2025-05-03:1855.20,2025-05-03,none,Pay USD 1855.20 today.
request_132,379.86,affordable_now,full_payment,2026-01-05:379.86,2026-01-05,none,Pay USD 379.86 today.
request_133,15770000,affordable_now,full_payment,2024-03-07:15770000,2024-03-07,none,Pay IDR 15770000 today.
request_134,21831000,affordable_with_plan,installments,2025-08-07:1600940|2025-09-06:1600940|2025-10-06:1600940|2025-11-05:1600940|2025-12-05:1600940|2026-01-04:1600940|2026-02-03:1600940|2026-03-05:1600940|2026-04-04:1600940|2026-05-04:1600940|2026-06-03:1600940|2026-07-03:1600940|2026-08-02:1600940|2026-09-01:1600940|2026-10-01:1600940,2025-10-15,none,Use installments starting 2025-08-07.
request_135,304.80,affordable_now,full_payment,2026-07-06:304.80,2026-07-06,none,Pay USD 304.80 today.
request_136,560.40,affordable_now,full_payment,2024-06-03:560.40,2024-06-03,none,Pay USD 560.40 today.
request_137,80100,affordable_with_plan,installments,2025-11-05:5874|2025-12-05:5874|2026-01-04:5874|2026-02-03:5874|2026-03-05:5874|2026-04-04:5874|2026-05-04:5874|2026-06-03:5874|2026-07-03:5874|2026-08-02:5874|2026-09-01:5874|2026-10-01:5874|2026-10-31:5874|2026-11-30:5874|2026-12-30:5874,2026-01-15,none,Use installments starting 2025-11-05.
request_138,1256.94,affordable_with_plan,installments,2026-04-12:333.09|2026-05-12:333.09|2026-06-11:333.09|2026-07-11:333.09,2026-06-05,none,Use installments starting 2026-04-12.
request_139,2316,affordable_with_plan,installments,2024-09-07:802.88|2024-10-08:802.88|2024-11-08:802.88,2024-11-17,none,Use installments starting 2024-09-07.
request_140,62832,affordable_later,wait,2025-03-04:62832,2025-03-04,none,Pay in full on 2025-03-04.
request_141,171600,affordable_with_plan,installments,2026-01-03:10868|2026-02-03:10868|2026-03-06:10868|2026-04-06:10868|2026-05-07:10868|2026-06-07:10868|2026-07-08:10868|2026-08-08:10868|2026-09-08:10868|2026-10-09:10868|2026-11-09:10868|2026-12-10:10868|2027-01-10:10868|2027-02-10:10868|2027-03-13:10868|2027-04-13:10868|2027-05-14:10868|2027-06-14:10868,2026-02-12,none,Use installments starting 2026-01-03.
request_142,1263.60,affordable_now,full_payment,2024-12-05:1263.60,2024-12-05,none,Pay USD 1263.60 today.
request_143,12584,affordable_with_plan,installments,2025-05-14:922.83|2025-06-13:922.83|2025-07-13:922.83|2025-08-12:922.83|2025-09-11:922.83|2025-10-11:922.83|2025-11-10:922.83|2025-12-10:922.83|2026-01-09:922.83|2026-02-08:922.83|2026-03-10:922.83|2026-04-09:922.83|2026-05-09:922.83|2026-06-08:922.83|2026-07-08:922.83,2025-07-15,none,Use installments starting 2025-05-14.
request_144,233.34,affordable_now,full_payment,2026-07-04:233.34,2026-07-04,none,Pay USD 233.34 today.
request_145,217400,affordable_with_plan,installments,2024-03-06:12215.81|2024-04-03:12215.81|2024-05-01:12215.81|2024-05-29:12215.81|2024-06-26:12215.81|2024-07-24:12215.81|2024-08-21:12215.81|2024-09-18:12215.81|2024-10-16:12215.81|2024-11-13:12215.81|2024-12-11:12215.81|2025-01-08:12215.81|2025-02-05:12215.81|2025-03-05:12215.81|2025-04-02:12215.81|2025-04-30:12215.81|2025-05-28:12215.81|2025-06-25:12215.81|2025-07-23:12215.81|2025-08-20:12215.81|2025-09-17:12215.81,2024-05-26,none,Use installments starting 2024-03-06.
request_146,449400,affordable_with_plan,installments,2025-08-06:32956|2025-09-05:32956|2025-10-05:32956|2025-11-04:32956|2025-12-04:32956|2026-01-03:32956|2026-02-02:32956|2026-03-04:32956|2026-04-03:32956|2026-05-03:32956|2026-06-02:32956|2026-07-02:32956|2026-08-01:32956|2026-08-31:32956|2026-09-30:32956,2025-10-17,none,Use installments starting 2025-08-06.
request_147,1129.70,affordable_with_plan,installments,2026-04-12:71.55|2026-05-13:71.55|2026-06-13:71.55|2026-07-14:71.55|2026-08-14:71.55|2026-09-14:71.55|2026-10-15:71.55|2026-11-15:71.55|2026-12-16:71.55|2027-01-16:71.55|2027-02-16:71.55|2027-03-19:71.55|2027-04-19:71.55|2027-05-20:71.55|2027-06-20:71.55|2027-07-21:71.55|2027-08-21:71.55|2027-09-21:71.55,2026-06-07,none,Use installments starting 2026-04-12.
request_148,22242,affordable_with_plan,installments,2024-06-21:1249.79|2024-07-19:1249.79|2024-08-16:1249.79|2024-09-13:1249.79|2024-10-11:1249.79|2024-11-08:1249.79|2024-12-06:1249.79|2025-01-03:1249.79|2025-01-31:1249.79|2025-02-28:1249.79|2025-03-28:1249.79|2025-04-25:1249.79|2025-05-23:1249.79|2025-06-20:1249.79|2025-07-18:1249.79|2025-08-15:1249.79|2025-09-12:1249.79|2025-10-10:1249.79|2025-11-07:1249.79|2025-12-05:1249.79|2026-01-02:1249.79,2024-08-18,none,Use installments starting 2024-06-21.
request_149,36652,affordable_now,full_payment,2025-11-04:36652,2025-11-04,none,Pay ZAR 36652 today.
request_150,496.10,affordable_now,full_payment,2026-01-06:496.10,2026-01-06,none,Pay EUR 496.10 today.
request_151,26999000,affordable_now,full_payment,2024-09-03:26999000,2024-09-03,none,Pay IDR 26999000 today.
request_152,13882,affordable_now,full_payment,2025-02-05:13882,2025-02-05,none,Pay ZAR 13882 today.
request_153,2830.80,affordable_later,wait,2026-09-24:2830.80,2026-09-24,none,Pay in full on 2026-09-24.
request_154,1625.80,affordable_now,full_payment,2024-12-04:1625.80,2024-12-04,none,Pay EUR 1625.80 today.
request_155,112500,affordable_now,full_payment,2025-05-06:112500,2025-05-06,none,Pay INR 112500 today.
request_156,43076,affordable_with_plan,installments,2026-04-17:2728.15|2026-05-18:2728.15|2026-06-18:2728.15|2026-07-19:2728.15|2026-08-19:2728.15|2026-09-19:2728.15|2026-10-20:2728.15|2026-11-20:2728.15|2026-12-21:2728.15|2027-01-21:2728.15|2027-02-21:2728.15|2027-03-24:2728.15|2027-04-24:2728.15|2027-05-25:2728.15|2027-06-25:2728.15|2027-07-26:2728.15|2027-08-26:2728.15|2027-09-26:2728.15,2026-06-15,none,Use installments starting 2026-04-17.
request_157,23503000,affordable_with_plan,installments,2024-03-05:1320644.76|2024-04-02:1320644.76|2024-04-30:1320644.76|2024-05-28:1320644.76|2024-06-25:1320644.76|2024-07-23:1320644.76|2024-08-20:1320644.76|2024-09-17:1320644.76|2024-10-15:1320644.76|2024-11-12:1320644.76|2024-12-10:1320644.76|2025-01-07:1320644.76|2025-02-04:1320644.76|2025-03-04:1320644.76|2025-04-01:1320644.76|2025-04-29:1320644.76|2025-05-27:1320644.76|2025-06-24:1320644.76|2025-07-22:1320644.76|2025-08-19:1320644.76|2025-09-16:1320644.76,2024-05-15,none,Use installments starting 2024-03-05.
request_158,242600,affordable_now,full_payment,2025-08-07:242600,2025-08-07,none,Pay INR 242600 today.
request_159,13398,affordable_now,full_payment,2026-01-04:13398,2026-01-04,none,Pay ZAR 13398 today.
request_160,1246.30,affordable_with_plan,installments,2024-06-20:70.03|2024-07-18:70.03|2024-08-15:70.03|2024-09-12:70.03|2024-10-10:70.03|2024-11-07:70.03|2024-12-05:70.03|2025-01-02:70.03|2025-01-30:70.03|2025-02-27:70.03|2025-03-27:70.03|2025-04-24:70.03|2025-05-22:70.03|2025-06-19:70.03|2025-07-17:70.03|2025-08-14:70.03|2025-09-11:70.03|2025-10-09:70.03|2025-11-06:70.03|2025-12-04:70.03|2026-01-01:70.03,2024-08-20,none,Use installments starting 2024-06-20.
request_161,21204000,affordable_with_plan,installments,2025-11-03:1554960|2025-12-03:1554960|2026-01-02:1554960|2026-02-01:1554960|2026-03-03:1554960|2026-04-02:1554960|2026-05-02:1554960|2026-06-01:1554960|2026-07-01:1554960|2026-07-31:1554960|2026-08-30:1554960|2026-09-29:1554960|2026-10-29:1554960|2026-11-28:1554960|2026-12-28:1554960,2026-01-15,none,Use installments starting 2025-11-03.
request_162,83923000,affordable_later,wait,2026-08-26:83923000,2026-08-26,none,Pay in full on 2026-08-26.
request_163,19304000,affordable_now,full_payment,2024-09-07:19304000,2024-09-07,none,Pay IDR 19304000 today.
request_164,27018000,affordable_now,full_payment,2025-02-04:27018000,2025-02-04,none,Pay IDR 27018000 today.
request_165,80600,affordable_now,full_payment,2026-04-06:80600,2026-04-06,none,Pay INR 80600 today.
request_166,2907.60,affordable_now,full_payment,2024-12-03:2907.60,2024-12-03,none,Pay USD 2907.60 today.
request_167,43802,affordable_now,full_payment,2025-05-05:43802,2025-05-05,none,Pay ZAR 43802 today.
request_168,49380,affordable_now,full_payment,2026-01-07:49380,2026-01-07,none,Pay INR 49380 today.
request_169,41976,affordable_now,full_payment,2024-03-04:41976,2024-03-04,none,Pay ZAR 41976 today.
request_170,36936000,affordable_now,full_payment,2025-08-06:36936000,2025-08-06,none,Pay IDR 36936000 today.
request_171,1878.80,affordable_later,wait,2026-09-10:1878.80,2026-09-10,none,Pay in full on 2026-09-10.
request_172,10200,affordable_now,full_payment,2024-06-05:10200,2024-06-05,none,Pay ZAR 10200 today.
request_173,113000,affordable_with_plan,installments,2025-11-07:8286.67|2025-12-07:8286.67|2026-01-06:8286.67|2026-02-05:8286.67|2026-03-07:8286.67|2026-04-06:8286.67|2026-05-06:8286.67|2026-06-05:8286.67|2026-07-05:8286.67|2026-08-04:8286.67|2026-09-03:8286.67|2026-10-03:8286.67|2026-11-02:8286.67|2026-12-02:8286.67|2027-01-01:8286.67,2026-01-17,none,Use installments starting 2025-11-07.
request_174,1146.20,affordable_now,full_payment,2026-04-04:1146.20,2026-04-04,none,Pay EUR 1146.20 today.
request_175,2346.30,affordable_now,full_payment,2024-09-06:2346.30,2024-09-06,none,Pay EUR 2346.30 today.
request_176,1239.70,affordable_with_plan,installments,2025-02-17:90.91|2025-03-19:90.91|2025-04-18:90.91|2025-05-18:90.91|2025-06-17:90.91|2025-07-17:90.91|2025-08-16:90.91|2025-09-15:90.91|2025-10-15:90.91|2025-11-14:90.91|2025-12-14:90.91|2026-01-13:90.91|2026-02-12:90.91|2026-03-14:90.91|2026-04-13:90.91,2025-02-27,none,Use installments starting 2025-02-17.
request_177,1017.60,affordable_now,full_payment,2026-01-05:1017.60,2026-01-05,none,Pay USD 1017.60 today.
request_178,2938.10,affordable_now,full_payment,2024-12-07:2938.10,2024-12-07,none,Pay EUR 2938.10 today.
request_179,41648000,affordable_with_plan,installments,2025-05-11:3054186.67|2025-06-10:3054186.67|2025-07-10:3054186.67|2025-08-09:3054186.67|2025-09-08:3054186.67|2025-10-08:3054186.67|2025-11-07:3054186.67|2025-12-07:3054186.67|2026-01-06:3054186.67|2026-02-05:3054186.67|2026-03-07:3054186.67|2026-04-06:3054186.67|2026-05-06:3054186.67|2026-06-05:3054186.67|2026-07-05:3054186.67,2025-07-15,none,Use installments starting 2025-05-11.
request_180,66500,affordable_now,full_payment,2026-07-06:66500,2026-07-06,none,Pay INR 66500 today.
request_181,5059.20,affordable_with_plan,installments,2024-03-03:284.28|2024-03-31:284.28|2024-04-28:284.28|2024-05-26:284.28|2024-06-23:284.28|2024-07-21:284.28|2024-08-18:284.28|2024-09-15:284.28|2024-10-13:284.28|2024-11-10:284.28|2024-12-08:284.28|2025-01-05:284.28|2025-02-02:284.28|2025-03-02:284.28|2025-03-30:284.28|2025-04-27:284.28|2025-05-25:284.28|2025-06-22:284.28|2025-07-20:284.28|2025-08-17:284.28|2025-09-14:284.28,2024-04-07,none,Use installments starting 2024-03-03.
request_182,65714,affordable_now,full_payment,2025-08-05:65714,2025-08-05,none,Pay ZAR 65714 today.
request_183,26866000,affordable_now,full_payment,2026-04-07:26866000,2026-04-07,none,Pay IDR 26866000 today.
request_184,251900,affordable_with_plan,installments,2024-06-18:14154.38|2024-07-16:14154.38|2024-08-13:14154.38|2024-09-10:14154.38|2024-10-08:14154.38|2024-11-05:14154.38|2024-12-03:14154.38|2024-12-31:14154.38|2025-01-28:14154.38|2025-02-25:14154.38|2025-03-25:14154.38|2025-04-22:14154.38|2025-05-20:14154.38|2025-06-17:14154.38|2025-07-15:14154.38|2025-08-12:14154.38|2025-09-09:14154.38|2025-10-07:14154.38|2025-11-04:14154.38|2025-12-02:14154.38|2025-12-30:14154.38,2024-07-30,none,Use installments starting 2024-06-18.
request_185,1257.30,affordable_with_plan,installments,2025-11-06:92.20|2025-12-06:92.20|2026-01-05:92.20|2026-02-04:92.20|2026-03-06:92.20|2026-04-05:92.20|2026-05-05:92.20|2026-06-04:92.20|2026-07-04:92.20|2026-08-03:92.20|2026-09-02:92.20|2026-10-02:92.20|2026-11-01:92.20|2026-12-01:92.20|2026-12-31:92.20,2026-01-15,none,Use installments starting 2025-11-06.
request_186,26554,affordable_with_plan,installments,2026-01-06:1681.75|2026-02-06:1681.75|2026-03-09:1681.75|2026-04-09:1681.75|2026-05-10:1681.75|2026-06-10:1681.75|2026-07-11:1681.75|2026-08-11:1681.75|2026-09-11:1681.75|2026-10-12:1681.75|2026-11-12:1681.75|2026-12-13:1681.75|2027-01-13:1681.75|2027-02-13:1681.75|2027-03-16:1681.75|2027-04-16:1681.75|2027-05-17:1681.75|2027-06-17:1681.75,2026-03-15,none,Use installments starting 2026-01-06.
request_187,187500,affordable_with_plan,installments,2024-09-12:10535.71|2024-10-10:10535.71|2024-11-07:10535.71|2024-12-05:10535.71|2025-01-02:10535.71|2025-01-30:10535.71|2025-02-27:10535.71|2025-03-27:10535.71|2025-04-24:10535.71|2025-05-22:10535.71|2025-06-19:10535.71|2025-07-17:10535.71|2025-08-14:10535.71|2025-09-11:10535.71|2025-10-09:10535.71|2025-11-06:10535.71|2025-12-04:10535.71|2026-01-01:10535.71|2026-01-29:10535.71|2026-02-26:10535.71|2026-03-26:10535.71,2024-11-15,none,Use installments starting 2024-09-12.
request_188,2464,affordable_with_plan,installments,2025-02-21:180.69|2025-03-23:180.69|2025-04-22:180.69|2025-05-22:180.69|2025-06-21:180.69|2025-07-21:180.69|2025-08-20:180.69|2025-09-19:180.69|2025-10-19:180.69|2025-11-18:180.69|2025-12-18:180.69|2026-01-17:180.69|2026-02-16:180.69|2026-03-18:180.69|2026-04-17:180.69,2025-03-04,none,Use installments starting 2025-02-21.
request_189,488.40,affordable_now,full_payment,2026-07-04:488.40,2026-07-04,none,Pay EUR 488.40 today.
request_190,2557.50,affordable_with_plan,installments,2024-12-09:143.71|2025-01-06:143.71|2025-02-03:143.71|2025-03-03:143.71|2025-03-31:143.71|2025-04-28:143.71|2025-05-26:143.71|2025-06-23:143.71|2025-07-21:143.71|2025-08-18:143.71|2025-09-15:143.71|2025-10-13:143.71|2025-11-10:143.71|2025-12-08:143.71|2026-01-05:143.71|2026-02-02:143.71|2026-03-02:143.71|2026-03-30:143.71|2026-04-27:143.71|2026-05-25:143.71|2026-06-22:143.71,2025-02-15,none,Use installments starting 2024-12-09.
request_191,664.40,affordable_now,full_payment,2025-05-03:664.40,2025-05-03,none,Pay EUR 664.40 today.
request_192,2046,affordable_with_plan,installments,2026-04-19:129.58|2026-05-20:129.58|2026-06-20:129.58|2026-07-21:129.58|2026-08-21:129.58|2026-09-21:129.58|2026-10-22:129.58|2026-11-22:129.58|2026-12-23:129.58|2027-01-23:129.58|2027-02-23:129.58|2027-03-26:129.58|2027-04-26:129.58|2027-05-27:129.58|2027-06-27:129.58|2027-07-28:129.58|2027-08-28:129.58|2027-09-28:129.58,2026-05-11,none,Use installments starting 2026-04-19.
request_193,1212.20,affordable_with_plan,installments,2024-03-07:68.11|2024-04-04:68.11|2024-05-02:68.11|2024-05-30:68.11|2024-06-27:68.11|2024-07-25:68.11|2024-08-22:68.11|2024-09-19:68.11|2024-10-17:68.11|2024-11-14:68.11|2024-12-12:68.11|2025-01-09:68.11|2025-02-06:68.11|2025-03-06:68.11|2025-04-03:68.11|2025-05-01:68.11|2025-05-29:68.11|2025-06-26:68.11|2025-07-24:68.11|2025-08-21:68.11|2025-09-18:68.11,2024-05-28,none,Use installments starting 2024-03-07.
request_194,132800,affordable_with_plan,installments,2025-08-07:9738.67|2025-09-06:9738.67|2025-10-06:9738.67|2025-11-05:9738.67|2025-12-05:9738.67|2026-01-04:9738.67|2026-02-03:9738.67|2026-03-05:9738.67|2026-04-04:9738.67|2026-05-04:9738.67|2026-06-03:9738.67|2026-07-03:9738.67|2026-08-02:9738.67|2026-09-01:9738.67|2026-10-01:9738.67,2025-10-23,none,Use installments starting 2025-08-07.
request_195,1170.40,affordable_now,full_payment,2026-01-06:1170.40,2026-01-06,none,Pay EUR 1170.40 today.
request_196,762.30,affordable_now,full_payment,2024-06-03:762.30,2024-06-03,none,Pay EUR 762.30 today.
request_197,50939000,affordable_now,full_payment,2025-11-05:50939000,2025-11-05,none,Pay IDR 50939000 today.
request_198,185800,affordable_now,full_payment,2026-07-07:185800,2026-07-07,none,Pay INR 185800 today.
request_199,23674000,affordable_now,full_payment,2024-09-04:23674000,2024-09-04,none,Pay IDR 23674000 today.
request_200,21717000,affordable_now,full_payment,2025-02-06:21717000,2025-02-06,none,Pay IDR 21717000 today.
request_201,23997000,affordable_now,full_payment,2026-04-03:23997000,2026-04-03,none,Pay IDR 23997000 today.
request_202,123900,affordable_now,full_payment,2024-12-05:123900,2024-12-05,none,Pay INR 123900 today.
request_203,1442.10,affordable_now,full_payment,2025-05-07:1442.10,2025-05-07,none,Pay EUR 1442.10 today.
request_204,588.74,affordable_now,full_payment,2026-01-04:588.74,2026-01-04,none,Pay EUR 588.74 today.
request_205,10621000,affordable_now,full_payment,2024-03-06:10621000,2024-03-06,none,Pay IDR 10621000 today.
request_206,1404.70,affordable_now,full_payment,2025-08-03:1404.70,2025-08-03,none,Pay EUR 1404.70 today.
request_207,11830,affordable_now,full_payment,2026-07-05:11830,2026-07-05,none,Pay ZAR 11830 today.
request_208,4413000,affordable_now,full_payment,2024-06-07:4413000,2024-06-07,none,Pay IDR 4413000 today.
request_209,56914,affordable_with_plan,installments,2025-11-04:4173.69|2025-12-04:4173.69|2026-01-03:4173.69|2026-02-02:4173.69|2026-03-04:4173.69|2026-04-03:4173.69|2026-05-03:4173.69|2026-06-02:4173.69|2026-07-02:4173.69|2026-08-01:4173.69|2026-08-31:4173.69|2026-09-30:4173.69|2026-10-30:4173.69|2026-11-29:4173.69|2026-12-29:4173.69,2025-11-25,none,Use installments starting 2025-11-04.
request_210,1360.02,affordable_now,full_payment,2026-04-06:1360.02,2026-04-06,none,Pay USD 1360.02 today.
request_211,1788.60,affordable_with_plan,installments,2024-09-10:100.50|2024-10-08:100.50|2024-11-05:100.50|2024-12-03:100.50|2024-12-31:100.50|2025-01-28:100.50|2025-02-25:100.50|2025-03-25:100.50|2025-04-22:100.50|2025-05-20:100.50|2025-06-17:100.50|2025-07-15:100.50|2025-08-12:100.50|2025-09-09:100.50|2025-10-07:100.50|2025-11-04:100.50|2025-12-02:100.50|2025-12-30:100.50|2026-01-27:100.50|2026-02-24:100.50|2026-03-24:100.50,2024-11-15,none,Use installments starting 2024-09-10.
request_212,71934000,affordable_with_plan,installments,2025-02-19:5275160|2025-03-21:5275160|2025-04-20:5275160|2025-05-20:5275160|2025-06-19:5275160|2025-07-19:5275160|2025-08-18:5275160|2025-09-17:5275160|2025-10-17:5275160|2025-11-16:5275160|2025-12-16:5275160|2026-01-15:5275160|2026-02-14:5275160|2026-03-16:5275160|2026-04-15:5275160,2025-02-28,none,Use installments starting 2025-02-19.
request_213,3362.40,affordable_now,full_payment,2026-01-07:3362.40,2026-01-07,none,Pay USD 3362.40 today.
request_214,69750,affordable_now,full_payment,2024-12-04:69750,2024-12-04,none,Pay INR 69750 today.
request_215,29986,affordable_now,full_payment,2025-05-06:29986,2025-05-06,none,Pay ZAR 29986 today.
request_216,3332.40,affordable_with_plan,installments,2026-07-17:211.05|2026-08-17:211.05|2026-09-17:211.05|2026-10-18:211.05|2026-11-18:211.05|2026-12-19:211.05|2027-01-19:211.05|2027-02-19:211.05|2027-03-22:211.05|2027-04-22:211.05|2027-05-23:211.05|2027-06-23:211.05|2027-07-24:211.05|2027-08-24:211.05|2027-09-24:211.05|2027-10-25:211.05|2027-11-25:211.05|2027-12-26:211.05,2026-09-15,none,Use installments starting 2026-07-17.
request_217,37180,affordable_with_plan,installments,2024-03-19:12889.07|2024-04-19:12889.07|2024-05-20:12889.07,2024-05-21,none,Use installments starting 2024-03-19.
request_218,61142000,affordable_with_plan,installments,2025-08-07:21195893.33|2025-09-04:21195893.33|2025-10-02:21195893.33,2025-10-06,none,Use installments starting 2025-08-07.
request_219,1673.10,affordable_now,full_payment,2026-04-04:1673.10,2026-04-04,none,Pay EUR 1673.10 today.
request_220,3118.50,affordable_later,wait,2024-07-03:3118.50,2024-07-03,none,Pay in full on 2024-07-03.
request_221,109800,affordable_now,full_payment,2025-11-03:109800,2025-11-03,none,Pay INR 109800 today.
request_222,34078,affordable_now,full_payment,2026-01-05:34078,2026-01-05,none,Pay ZAR 34078 today.
request_223,898.70,affordable_now,full_payment,2024-09-07:898.70,2024-09-07,none,Pay EUR 898.70 today.
request_224,10327000,affordable_now,full_payment,2025-02-04:10327000,2025-02-04,none,Pay IDR 10327000 today.
request_225,22059000,affordable_with_plan,installments,2026-07-06:1397070|2026-08-06:1397070|2026-09-06:1397070|2026-10-07:1397070|2026-11-07:1397070|2026-12-08:1397070|2027-01-08:1397070|2027-02-08:1397070|2027-03-11:1397070|2027-04-11:1397070|2027-05-12:1397070|2027-06-12:1397070|2027-07-13:1397070|2027-08-13:1397070|2027-09-13:1397070|2027-10-14:1397070|2027-11-14:1397070|2027-12-15:1397070,2026-09-21,none,Use installments starting 2026-07-06.
request_226,157000,affordable_now,full_payment,2024-12-03:157000,2024-12-03,none,Pay INR 157000 today.
request_227,259700,affordable_later,wait,2025-06-20:259700,2025-06-20,none,Pay in full on 2025-06-20.
request_228,63327000,affordable_with_plan,installments,2026-04-10:3219122.50|2026-05-10:3219122.50|2026-06-09:3219122.50|2026-07-09:3219122.50|2026-08-08:3219122.50|2026-09-07:3219122.50|2026-10-07:3219122.50|2026-11-06:3219122.50|2026-12-06:3219122.50|2027-01-05:3219122.50|2027-02-04:3219122.50|2027-03-06:3219122.50|2027-04-05:3219122.50|2027-05-05:3219122.50|2027-06-04:3219122.50|2027-07-04:3219122.50|2027-08-03:3219122.50|2027-09-02:3219122.50|2027-10-02:3219122.50|2027-11-01:3219122.50|2027-12-01:3219122.50|2027-12-31:3219122.50|2028-01-30:3219122.50|2028-02-29:3219122.50,2026-04-30,none,Use installments starting 2026-04-10.
request_229,1526.80,affordable_with_plan,installments,2024-03-04:85.79|2024-04-01:85.79|2024-04-29:85.79|2024-05-27:85.79|2024-06-24:85.79|2024-07-22:85.79|2024-08-19:85.79|2024-09-16:85.79|2024-10-14:85.79|2024-11-11:85.79|2024-12-09:85.79|2025-01-06:85.79|2025-02-03:85.79|2025-03-03:85.79|2025-03-31:85.79|2025-04-28:85.79|2025-05-26:85.79|2025-06-23:85.79|2025-07-21:85.79|2025-08-18:85.79|2025-09-15:85.79,2024-05-23,none,Use installments starting 2024-03-04.
request_230,3537.60,affordable_now,full_payment,2025-08-06:3537.60,2025-08-06,none,Pay EUR 3537.60 today.
request_231,35706,affordable_now,full_payment,2026-01-03:35706,2026-01-03,none,Pay ZAR 35706 today.
request_232,1970.10,affordable_with_plan,installments,2024-06-19:110.70|2024-07-17:110.70|2024-08-14:110.70|2024-09-11:110.70|2024-10-09:110.70|2024-11-06:110.70|2024-12-04:110.70|2025-01-01:110.70|2025-01-29:110.70|2025-02-26:110.70|2025-03-26:110.70|2025-04-23:110.70|2025-05-21:110.70|2025-06-18:110.70|2025-07-16:110.70|2025-08-13:110.70|2025-09-10:110.70|2025-10-08:110.70|2025-11-05:110.70|2025-12-03:110.70|2025-12-31:110.70,2024-08-15,none,Use installments starting 2024-06-19.
request_233,6241000,affordable_now,full_payment,2025-11-07:6241000,2025-11-07,none,Pay IDR 6241000 today.
request_234,1213.30,affordable_with_plan,installments,2026-07-07:76.84|2026-08-07:76.84|2026-09-07:76.84|2026-10-08:76.84|2026-11-08:76.84|2026-12-09:76.84|2027-01-09:76.84|2027-02-09:76.84|2027-03-12:76.84|2027-04-12:76.84|2027-05-13:76.84|2027-06-13:76.84|2027-07-14:76.84|2027-08-14:76.84|2027-09-14:76.84|2027-10-15:76.84|2027-11-15:76.84|2027-12-16:76.84,2026-09-15,none,Use installments starting 2026-07-07.
request_235,967.20,affordable_now,full_payment,2024-09-06:967.20,2024-09-06,none,Pay USD 967.20 today.
request_236,52383000,affordable_with_plan,installments,2025-02-17:3841420|2025-03-19:3841420|2025-04-18:3841420|2025-05-18:3841420|2025-06-17:3841420|2025-07-17:3841420|2025-08-16:3841420|2025-09-15:3841420|2025-10-15:3841420|2025-11-14:3841420|2025-12-14:3841420|2026-01-13:3841420|2026-02-12:3841420|2026-03-14:3841420|2026-04-13:3841420,2025-02-23,none,Use installments starting 2025-02-17.
request_237,23826000,affordable_now,full_payment,2026-04-05:23826000,2026-04-05,none,Pay IDR 23826000 today.
request_238,663.60,affordable_now,full_payment,2024-12-07:663.60,2024-12-07,none,Pay USD 663.60 today.
request_239,642,affordable_now,full_payment,2025-05-04:642,2025-05-04,none,Pay USD 642 today.
request_240,101200,affordable_with_plan,installments,2026-01-20:6409.33|2026-02-20:6409.33|2026-03-23:6409.33|2026-04-23:6409.33|2026-05-24:6409.33|2026-06-24:6409.33|2026-07-25:6409.33|2026-08-25:6409.33|2026-09-25:6409.33|2026-10-26:6409.33|2026-11-26:6409.33|2026-12-27:6409.33|2027-01-27:6409.33|2027-02-27:6409.33|2027-03-30:6409.33|2027-04-30:6409.33|2027-05-31:6409.33|2027-07-01:6409.33,2026-03-20,none,Use installments starting 2026-01-20.
request_241,21052000,affordable_now,full_payment,2024-03-03:21052000,2024-03-03,none,Pay IDR 21052000 today.
request_242,1966.80,affordable_with_plan,installments,2025-08-19:99.98|2025-09-16:99.98|2025-10-14:99.98|2025-11-11:99.98|2025-12-09:99.98|2026-01-06:99.98|2026-02-03:99.98|2026-03-03:99.98|2026-03-31:99.98|2026-04-28:99.98|2026-05-26:99.98|2026-06-23:99.98|2026-07-21:99.98|2026-08-18:99.98|2026-09-15:99.98|2026-10-13:99.98|2026-11-10:99.98|2026-12-08:99.98|2027-01-05:99.98|2027-02-02:99.98|2027-03-02:99.98|2027-03-30:99.98|2027-04-27:99.98|2027-05-25:99.98,2025-08-25,none,Use installments starting 2025-08-19.
request_243,17468,affordable_now,full_payment,2026-07-07:17468,2026-07-07,none,Pay ZAR 17468 today.
request_244,49918,affordable_now,full_payment,2024-06-04:49918,2024-06-04,none,Pay ZAR 49918 today.
request_245,128500,affordable_with_plan,installments,2025-11-06:9423.33|2025-12-06:9423.33|2026-01-05:9423.33|2026-02-04:9423.33|2026-03-06:9423.33|2026-04-05:9423.33|2026-05-05:9423.33|2026-06-04:9423.33|2026-07-04:9423.33|2026-08-03:9423.33|2026-09-02:9423.33|2026-10-02:9423.33|2026-11-01:9423.33|2026-12-01:9423.33|2026-12-31:9423.33,2026-01-15,none,Use installments starting 2025-11-06.
request_246,64086,affordable_now,full_payment,2026-04-03:64086,2026-04-03,none,Pay ZAR 64086 today.
request_247,1059.30,affordable_now,full_payment,2024-09-05:1059.30,2024-09-05,none,Pay EUR 1059.30 today.
request_248,1965.60,affordable_with_plan,installments,2025-02-21:144.14|2025-03-23:144.14|2025-04-22:144.14|2025-05-22:144.14|2025-06-21:144.14|2025-07-21:144.14|2025-08-20:144.14|2025-09-19:144.14|2025-10-19:144.14|2025-11-18:144.14|2025-12-18:144.14|2026-01-17:144.14|2026-02-16:144.14|2026-03-18:144.14|2026-04-17:144.14,2025-04-28,none,Use installments starting 2025-02-21.
request_249,643.20,affordable_with_plan,installments,2026-01-04:40.74|2026-02-04:40.74|2026-03-07:40.74|2026-04-07:40.74|2026-05-08:40.74|2026-06-08:40.74|2026-07-09:40.74|2026-08-09:40.74|2026-09-09:40.74|2026-10-10:40.74|2026-11-10:40.74|2026-12-11:40.74|2027-01-11:40.74|2027-02-11:40.74|2027-03-14:40.74|2027-04-14:40.74|2027-05-15:40.74|2027-06-15:40.74,2026-03-15,none,Use installments starting 2026-01-04.
request_250,124278,affordable_with_plan,installments,2024-12-09:6983.24|2025-01-06:6983.24|2025-02-03:6983.24|2025-03-03:6983.24|2025-03-31:6983.24|2025-04-28:6983.24|2025-05-26:6983.24|2025-06-23:6983.24|2025-07-21:6983.24|2025-08-18:6983.24|2025-09-15:6983.24|2025-10-13:6983.24|2025-11-10:6983.24|2025-12-08:6983.24|2026-01-05:6983.24|2026-02-02:6983.24|2026-03-02:6983.24|2026-03-30:6983.24|2026-04-27:6983.24|2026-05-25:6983.24|2026-06-22:6983.24,2025-01-18,none,Use installments starting 2024-12-09.
request_251,1513.60,affordable_now,full_payment,2025-05-03:1513.60,2025-05-03,none,Pay EUR 1513.60 today.
request_252,28082000,affordable_with_plan,installments,2026-07-19:1778526.67|2026-08-19:1778526.67|2026-09-19:1778526.67|2026-10-20:1778526.67|2026-11-20:1778526.67|2026-12-21:1778526.67|2027-01-21:1778526.67|2027-02-21:1778526.67|2027-03-24:1778526.67|2027-04-24:1778526.67|2027-05-25:1778526.67|2027-06-25:1778526.67|2027-07-26:1778526.67|2027-08-26:1778526.67|2027-09-26:1778526.67|2027-10-27:1778526.67|2027-11-27:1778526.67|2027-12-28:1778526.67,2026-09-15,none,Use installments starting 2026-07-19.
request_253,2840.20,affordable_with_plan,installments,2024-03-07:159.59|2024-04-04:159.59|2024-05-02:159.59|2024-05-30:159.59|2024-06-27:159.59|2024-07-25:159.59|2024-08-22:159.59|2024-09-19:159.59|2024-10-17:159.59|2024-11-14:159.59|2024-12-12:159.59|2025-01-09:159.59|2025-02-06:159.59|2025-03-06:159.59|2025-04-03:159.59|2025-05-01:159.59|2025-05-29:159.59|2025-06-26:159.59|2025-07-24:159.59|2025-08-21:159.59|2025-09-18:159.59,2024-06-01,none,Use installments starting 2024-03-07.
request_254,3535.20,affordable_with_plan,installments,2025-08-07:259.25|2025-09-06:259.25|2025-10-06:259.25|2025-11-05:259.25|2025-12-05:259.25|2026-01-04:259.25|2026-02-03:259.25|2026-03-05:259.25|2026-04-04:259.25|2026-05-04:259.25|2026-06-03:259.25|2026-07-03:259.25|2026-08-02:259.25|2026-09-01:259.25|2026-10-01:259.25,2025-10-15,none,Use installments starting 2025-08-07.
request_255,3345000,affordable_now,full_payment,2026-04-06:3345000,2026-04-06,none,Pay IDR 3345000 today.
request_256,218700,affordable_now,full_payment,2024-06-03:218700,2024-06-03,none,Pay INR 218700 today.
request_257,1352.40,affordable_with_plan,installments,2025-11-05:99.18|2025-12-05:99.18|2026-01-04:99.18|2026-02-03:99.18|2026-03-05:99.18|2026-04-04:99.18|2026-05-04:99.18|2026-06-03:99.18|2026-07-03:99.18|2026-08-02:99.18|2026-09-01:99.18|2026-10-01:99.18|2026-10-31:99.18|2026-11-30:99.18|2026-12-30:99.18,2026-01-15,none,Use installments starting 2025-11-05.
request_258,1113.60,affordable_now,full_payment,2026-01-07:1113.60,2026-01-07,none,Pay USD 1113.60 today.
request_259,935,affordable_with_plan,installments,2024-09-11:52.54|2024-10-09:52.54|2024-11-06:52.54|2024-12-04:52.54|2025-01-01:52.54|2025-01-29:52.54|2025-02-26:52.54|2025-03-26:52.54|2025-04-23:52.54|2025-05-21:52.54|2025-06-18:52.54|2025-07-16:52.54|2025-08-13:52.54|2025-09-10:52.54|2025-10-08:52.54|2025-11-05:52.54|2025-12-03:52.54|2025-12-31:52.54|2026-01-28:52.54|2026-02-25:52.54|2026-03-25:52.54,2024-11-15,none,Use installments starting 2024-09-11.
request_260,52079000,affordable_with_plan,installments,2025-02-20:3819126.67|2025-03-22:3819126.67|2025-04-21:3819126.67|2025-05-21:3819126.67|2025-06-20:3819126.67|2025-07-20:3819126.67|2025-08-19:3819126.67|2025-09-18:3819126.67|2025-10-18:3819126.67|2025-11-17:3819126.67|2025-12-17:3819126.67|2026-01-16:3819126.67|2026-02-15:3819126.67|2026-03-17:3819126.67|2026-04-16:3819126.67,2025-04-18,none,Use installments starting 2025-02-20.
request_261,1830.40,affordable_now,full_payment,2026-07-03:1830.40,2026-07-03,none,Pay EUR 1830.40 today.
request_262,9236000,affordable_now,full_payment,2024-12-05:9236000,2024-12-05,none,Pay IDR 9236000 today.
request_263,51546,affordable_with_plan,installments,2025-05-14:3780.04|2025-06-13:3780.04|2025-07-13:3780.04|2025-08-12:3780.04|2025-09-11:3780.04|2025-10-11:3780.04|2025-11-10:3780.04|2025-12-10:3780.04|2026-01-09:3780.04|2026-02-08:3780.04|2026-03-10:3780.04|2026-04-09:3780.04|2026-05-09:3780.04|2026-06-08:3780.04|2026-07-08:3780.04,2025-06-15,none,Use installments starting 2025-05-14.
request_264,111300,affordable_with_plan,installments,2026-04-18:7049|2026-05-19:7049|2026-06-19:7049|2026-07-20:7049|2026-08-20:7049|2026-09-20:7049|2026-10-21:7049|2026-11-21:7049|2026-12-22:7049|2027-01-22:7049|2027-02-22:7049|2027-03-25:7049|2027-04-25:7049|2027-05-26:7049|2027-06-26:7049|2027-07-27:7049|2027-08-27:7049|2027-09-27:7049,2026-06-15,none,Use installments starting 2026-04-18.
request_265,45970,affordable_now,full_payment,2024-03-06:45970,2024-03-06,none,Pay INR 45970 today.
request_266,935,affordable_now,full_payment,2025-08-03:935,2025-08-03,none,Pay EUR 935 today.
request_267,1925,affordable_now,full_payment,2026-01-05:1925,2026-01-05,none,Pay EUR 1925 today.
request_268,2426.60,affordable_with_plan,installments,2024-06-21:136.35|2024-07-19:136.35|2024-08-16:136.35|2024-09-13:136.35|2024-10-11:136.35|2024-11-08:136.35|2024-12-06:136.35|2025-01-03:136.35|2025-01-31:136.35|2025-02-28:136.35|2025-03-28:136.35|2025-04-25:136.35|2025-05-23:136.35|2025-06-20:136.35|2025-07-18:136.35|2025-08-15:136.35|2025-09-12:136.35|2025-10-10:136.35|2025-11-07:136.35|2025-12-05:136.35|2026-01-02:136.35,2024-08-15,none,Use installments starting 2024-06-21.
request_269,15490,affordable_now,full_payment,2025-11-04:15490,2025-11-04,none,Pay ZAR 15490 today.
request_270,3028.80,affordable_with_plan,installments,2026-07-09:191.82|2026-08-09:191.82|2026-09-09:191.82|2026-10-10:191.82|2026-11-10:191.82|2026-12-11:191.82|2027-01-11:191.82|2027-02-11:191.82|2027-03-14:191.82|2027-04-14:191.82|2027-05-15:191.82|2027-06-15:191.82|2027-07-16:191.82|2027-08-16:191.82|2027-09-16:191.82|2027-10-17:191.82|2027-11-17:191.82|2027-12-18:191.82,2026-08-30,none,Use installments starting 2026-07-09.
request_271,91300,affordable_with_plan,installments,2024-09-10:5130.19|2024-10-08:5130.19|2024-11-05:5130.19|2024-12-03:5130.19|2024-12-31:5130.19|2025-01-28:5130.19|2025-02-25:5130.19|2025-03-25:5130.19|2025-04-22:5130.19|2025-05-20:5130.19|2025-06-17:5130.19|2025-07-15:5130.19|2025-08-12:5130.19|2025-09-09:5130.19|2025-10-07:5130.19|2025-11-04:5130.19|2025-12-02:5130.19|2025-12-30:5130.19|2026-01-27:5130.19|2026-02-24:5130.19|2026-03-24:5130.19,2024-11-15,none,Use installments starting 2024-09-10.
request_272,13585000,affordable_with_plan,installments,2025-02-19:996233.33|2025-03-21:996233.33|2025-04-20:996233.33|2025-05-20:996233.33|2025-06-19:996233.33|2025-07-19:996233.33|2025-08-18:996233.33|2025-09-17:996233.33|2025-10-17:996233.33|2025-11-16:996233.33|2025-12-16:996233.33|2026-01-15:996233.33|2026-02-14:996233.33|2026-03-16:996233.33|2026-04-15:996233.33,2025-04-10,none,Use installments starting 2025-02-19.
request_273,15861000,affordable_later,wait,2026-06-15:15861000,2026-06-15,none,Pay in full on 2026-06-15.
request_274,2713.70,affordable_now,full_payment,2024-12-04:2713.70,2024-12-04,none,Pay EUR 2713.70 today.
request_275,15884000,affordable_now,full_payment,2025-05-06:15884000,2025-05-06,none,Pay IDR 15884000 today.
